Muetsra XRF,Año,Lote,Investigador,Fecha,Operación,Unidad,Material,Cantidad,Peso (gr),Artefacto,Notas Lab.,Num de Caja,Descripcion,Muetsra XRF,Muestra,Mn,Fe,Zn,Ga,Th,Rb,Sr,Y,Zr,Nb,Rh,Mn(log10),Fe(log10),Zn(log10),Ga(log10),Th(log10),Rb(log10),Sr(log10),Y(log10),Zr(log10),Nb(log10)
PATT01,2014,371,,,18,N23,Basalto,1,,Pulidor,Para analisis geoquimico,2,Pulidor,PATT01-Prueba 150seg/300 seg. PATT01.2,Patt01,1646.68,21664.14,23.90,17.24,9.39,68.28,386.09,16.21,108.78,7.00,,3.217,4.336,1.378,1.236,0.972,1.834,2.587,1.210,2.037,0.845
PATT01.2,2014,371,,,18,N23,Basalto,1,,Pulidor,Para analisis geoquimico,2,Pulidor,PATT01-Prueba 150seg/300 seg. PATT01.2,Patt01.2,368.04,19982.75,45.71,13.49,7.01,65.14,423.34,27.86,117.72,6.28,,2.566,4.301,1.660,1.130,0.845,1.814,2.627,1.445,2.071,0.798
PATT02,2014,371,,,18,N23,Basalto,1,,Mano de metate,Para analisis geoquimico,2,Mano de metate cuadrado,PATT02,Patt02,1174.75,32789.10,55.67,18.59,4.83,21.99,826.30,19.20,126.06,6.96,,3.070,4.516,1.746,1.269,0.684,1.342,2.917,1.283,2.101,0.842
PATT02.2,2014,371,,,18,N23,Basalto,1,,Mano de metate,Para analisis geoquimico,2,Mano de metate cuadrado,PATT02.2,Patt02.2,387.52,29190.38,52.45,15.50,8.14,26.25,837.42,17.74,126.24,6.18,,2.588,4.465,1.720,1.190,0.911,1.419,2.923,1.249,2.101,0.791
PATT03,2014,330,,,18,N22,Basalto Vesicular,1,,Alisador,Para analisis geoquimico,1,Alisador con agarradera compleja,"PATT03,PATT03.2",Patt03,986.49,46863.63,78.75,11.45,1.77,18.26,364.45,21.89,159.98,8.06,,2.994,4.671,1.896,1.059,0.248,1.261,2.562,1.340,2.204,0.907
PATT03.2,2014,330,,,18,N22,Basalto Vesicular,1,,Alisador,Para analisis geoquimico,1,Alisador con agarradera compleja,"PATT03,PATT03.2",Patt03.2,1049.14,45236.74,71.62,16.26,2.85,22.58,365.81,24.20,168.38,10.57,,3.021,4.655,1.855,1.211,0.455,1.354,2.563,1.384,2.226,1.024
PATT04,2014,330,,,18,N22,Basalto Vesicular,1,,Alisador,Para analisis geoquimico,1,Pulidor/alisador triangular,"PATT04,PATT04.2",Patt04,688.31,43705.10,73.36,18.60,4.52,34.61,322.53,19.35,111.69,6.73,,2.838,4.641,1.865,1.269,0.655,1.539,2.509,1.287,2.048,0.828
PATT04.2,2014,330,,,18,N22,Basalto Vesicular,1,,Alisador,Para analisis geoquimico,1,Pulidor/alisador triangular,"PATT04,PATT04.2",Patt04.2,910.88,41438.12,64.13,15.53,7.96,42.64,360.93,20.62,125.82,9.15,,2.959,4.617,1.807,1.191,0.901,1.630,2.557,1.314,2.100,0.961
PATT05,2014,402,,,18,N24,Basalto,1,,Metate-fragmento de metate,Para analisis geoquimico,3,metate-fragmento de metate con soporte,PATT05-PATT05.2,Patt05,471.01,25614.05,60.39,14.50,3.02,28.34,556.57,19.37,105.42,4.75,,2.673,4.408,1.781,1.161,0.481,1.452,2.746,1.287,2.023,0.677
PATT05.2,2014,402,,,18,N24,Basalto,1,,Metate-fragmento de metate,Para analisis geoquimico,3,metate-fragmento de metate con soporte,PATT05-PATT05.2,Patt05.2,601.92,31075.11,70.32,20.16,5.72,35.28,694.70,19.00,142.30,4.60,,2.780,4.492,1.847,1.304,0.757,1.547,2.842,1.279,2.153,0.663
PATT06,2014,319,,,18,N22,Basalto,1,,Metate-fragmento de metate,Para analisis geoquimico,1,Fragmento de metate de superficie plana,"PATT06, PATT06.2",Patt06,475.45,25577.29,44.97,17.02,3.73,17.33,317.72,23.53,94.90,5.98,,2.677,4.408,1.653,1.231,0.572,1.239,2.502,1.372,1.977,0.777
PATT06.2,2014,319,,,18,N22,Basalto,1,,Metate-fragmento de metate,Para analisis geoquimico,1,Fragmento de metate de superficie plana,"PATT06, PATT06.2",Patt06.2,621.24,38171.54,71.20,24.39,3.80,24.64,468.97,26.56,144.75,6.89,,2.793,4.582,1.852,1.387,0.580,1.392,2.671,1.424,2.161,0.838
PATT07,2014,319,,,18,N22,Basalto,1,,Mano de metate,Para analisis geoquimico,1,Mano de metate cuadrado,PATT07. PATT07.2,Patt07,332.72,28665.33,45.64,14.25,0.45,17.40,663.85,31.15,101.06,5.82,,2.522,4.457,1.659,1.154,-0.342,1.240,2.822,1.494,2.005,0.765
PATT07.2,2014,319,,,18,N22,Basalto,1,,Mano de metate,Para analisis geoquimico,1,Mano de metate cuadrado,PATT07. PATT07.2,Patt07.2,561.26,33006.34,58.36,20.56,2.82,25.67,926.40,20.31,150.29,6.12,,2.749,4.519,1.766,1.313,0.450,1.409,2.967,1.308,2.177,0.787
PATT08.2,2014,319,,,18,N22,Basalto,1,,Percutor/esfera,Para analisis geoquimico,1,Percutor grande,PATT08- PATT08.2,Patt08.2,914.32,46525.11,70.53,18.75,4.43,28.05,456.08,23.40,142.67,7.97,,2.961,4.668,1.848,1.273,0.647,1.448,2.659,1.369,2.154,0.901
PATT09,2014,326,,,18,L21,Basalto,1,,Metate-fragmento de metate,Para analisis geoquimico,1,Fragmento de metate de superficie plana,PATT09-PATT09.2,Patt09,1672.62,1516.75,194.66,31.98,15.50,13.51,6.56,440.07,126.55,135.74,,3.223,3.181,2.289,1.505,1.190,1.131,0.817,2.644,2.102,2.133
PATT09.2,2014,326,,,18,L21,Basalto,1,,Metate-fragmento de metate,Para analisis geoquimico,1,Fragmento de metate de superficie plana,PATT09-PATT09.2,Patt09.2,816.61,32236.44,59.26,19.98,4.68,27.08,886.55,22.85,137.85,5.63,,2.912,4.508,1.773,1.301,0.670,1.433,2.948,1.359,2.139,0.750
PATT11,2014,513,,,18,K24,Basalto,1,,Mano de metate con extremo colgante,Para analisis geoquimico,3,Mano de metate con extremo colgante,"PATT11,PATT11.2",Patt11,566.45,31361.53,55.94,10.01,3.25,15.40,344.26,15.63,93.00,4.98,,2.753,4.496,1.748,1.000,0.512,1.187,2.537,1.194,1.968,0.697
PATT11.2,2014,513,,,18,K24,Basalto,1,,Mano de metate con extremo colgante,Para analisis geoquimico,3,Mano de metate con extremo colgante,"PATT11,PATT11.2",Patt11.2,800.81,28622.17,41.60,12.95,1.06,20.03,395.58,17.64,121.30,5.27,,2.904,4.457,1.619,1.112,0.024,1.302,2.597,1.246,2.084,0.722
PATT12,2014,593,,,18,I21,Basalto,1,,Pulidor,Para analisis geoquimico,3,Pulidor,"PATT12,PATT12.2",Patt12,818.63,33637.26,73.20,13.53,5.07,41.24,219.13,18.24,87.23,3.35,,2.913,4.527,1.864,1.131,0.705,1.615,2.341,1.261,1.941,0.525
PATT12.2,2014,593,,,18,I21,Basalto,1,,Pulidor,Para analisis geoquimico,3,Pulidor,"PATT12,PATT12.2",Patt12.2,595.72,27797.33,55.72,16.28,6.11,61.09,261.05,19.55,133.06,8.10,,2.775,4.444,1.746,1.212,0.786,1.786,2.417,1.291,2.124,0.908
PATT13,2014,373,,,18,N21,Basalto Vesicular/Tezontle,1,,Mano de mortero,Para analisis geoquimico,2,Mano de mortero completo,"PATT13,PATT13.2",Patt13,613.78,35449.22,61.54,11.87,6.98,22.03,341.95,16.35,115.41,5.33,,2.788,4.550,1.789,1.074,0.844,1.343,2.534,1.214,2.062,0.727
PATT13.2,2014,373,,,18,N21,Basalto Vesicular/Tezontle,1,,Mano de mortero,Para analisis geoquimico,2,Mano de mortero completo,"PATT13,PATT13.2",Patt13.2,617.45,32789.29,45.82,16.12,5.03,21.52,434.53,22.14,166.31,4.37,,2.791,4.516,1.661,1.207,0.702,1.333,2.638,1.345,2.221,0.640
PATT14,2014,301,,,18,NE,Basalto,1,,Metate-fragmento de metate,Para analisis geoquimico,1,metate-fragmento de metate,"PATT14,PATT14.2",Patt14,468.70,24940.84,52.72,13.91,6.99,23.11,630.17,14.21,71.88,3.99,,2.671,4.397,1.722,1.143,0.844,1.364,2.799,1.152,1.857,0.602
PATT14.2,2014,301,,,18,NE,Basalto,1,,Metate-fragmento de metate,Para analisis geoquimico,1,metate-fragmento de metate,"PATT14,PATT14.2",Patt14.2,388.21,31234.00,46.81,14.30,7.15,26.14,783.02,17.93,132.28,7.60,,2.589,4.495,1.670,1.155,0.855,1.417,2.894,1.254,2.122,0.881
PATT15,2014,301,,,18,NE,Basalto,1,,Mano de metate con extremo colgante,Para analisis geoquimico,1,Fragmento de mano de metate con extremo colgante,"PATT15,PATT15.2",Patt15,468.70,24940.84,52.72,13.91,6.99,23.11,630.17,14.21,71.88,3.99,,2.671,4.397,1.722,1.143,0.844,1.364,2.799,1.152,1.857,0.602
PATT15.2,2014,301,,,18,NE,Basalto,1,,Mano de metate con extremo colgante,Para analisis geoquimico,1,Fragmento de mano de metate con extremo colgante,"PATT15,PATT15.2",Patt15.2,680.67,35796.14,73.86,15.83,3.77,21.15,393.70,23.06,147.57,7.28,,2.833,4.554,1.868,1.199,0.576,1.325,2.595,1.363,2.169,0.862
PATT16,2014,319,,,18,N22,Basalto,1,,Mano de metate,Para analisis geoquimico,1,Mano de metate,PATT16-Comienza analisis a 200segundos,Patt16,607.52,39498.75,72.43,17.35,3.46,25.03,461.92,22.08,167.56,6.25,,2.784,4.597,1.860,1.239,0.539,1.398,2.665,1.344,2.224,0.796
PATT16.2,2014,319,,,18,N22,Basalto,1,,Mano de metate,Para analisis geoquimico,1,Mano de metate,PATT16-Comienza analisis a 200segundos,Patt16.2,631.42,32228.84,65.07,19.66,5.52,20.89,388.50,21.01,160.86,6.58,,2.800,4.508,1.813,1.294,0.742,1.320,2.589,1.322,2.206,0.818
PATT17,2014,318,,,18,N21,Basalto,1,,Metate-fragmento de metate,Para analisis geoquimico,1,"posible fragmento de metate plano, reciclado",PATT17,Patt17,1484.68,58534.19,132.06,20.29,4.85,51.25,359.37,59.47,583.01,33.07,,3.172,4.767,2.121,1.307,0.686,1.710,2.556,1.774,2.766,1.519
PATT18,2014,318,,,18,N21,Basalto Vesicular,2,,Mortero-fragmento,Para analisis geoquimico,1,fragmentos de morteros,PATT18,Patt18,476.45,27834.79,54.61,17.94,6.19,38.49,311.14,22.65,180.41,7.38,,2.678,4.445,1.737,1.254,0.792,1.585,2.493,1.355,2.256,0.868
PATT19,2014,357,,,18,L21,Basalto,1,,Mano de metate,Para analisis geoquimico,2,Mano de metate cuadrado,PATT19,Patt19,668.67,29410.01,64.45,12.86,7.72,54.54,257.57,27.08,149.34,6.98,,2.825,4.468,1.809,1.109,0.888,1.737,2.411,1.433,2.174,0.844
PATT19.2,2014,357,,,18,L21,Basalto,1,,Mano de metate,Para analisis geoquimico,2,Mano de metate cuadrado,PATT19,Patt19,406.59,18933.69,29.14,11.94,4.53,33.87,207.00,31.39,115.21,12.19,,2.609,4.277,1.464,1.077,0.656,1.530,2.316,1.497,2.061,1.086
PATT20,2014,357,,,18,L21,Basalto,1,,Alisador,Para analisis geoquimico,2,Alisador con agarradera,PATT20,Patt20,757.54,41110.56,61.55,15.22,3.83,43.51,336.46,21.73,136.46,7.14,,2.879,4.614,1.789,1.182,0.583,1.639,2.527,1.337,2.135,0.853
PATT21,2014,300,,,18,SE,Basalto,1,,Laja,Para analisis geoquimico,1,Fragmento en forma de bloque tipo laja/no andesita,PATT21,Patt21,480.50,28815.98,53.65,17.42,5.90,24.27,820.82,17.34,133.08,7.16,,2.682,4.460,1.730,1.241,0.771,1.385,2.914,1.239,2.124,0.855
PATT22,2014,300,,,18,SE,Basalto,1,,Lasca,Para analisis geoquimico,1,Fragmento de artefacto semi redondo,PATT22,Patt22,351.54,31489.40,85.46,17.16,9.74,113.78,226.08,32.17,165.61,11.31,,2.546,4.498,1.932,1.235,0.989,2.056,2.354,1.507,2.219,1.054
PATT23,2014,323,,,18,N21,Basalto,1,,Mano de mortero,Para analisis geoquimico,1,Mano de mortero completo,PATT23,Patt23,651.84,37150.43,56.84,18.67,4.29,36.04,501.05,21.77,170.01,9.10,,2.814,4.570,1.755,1.271,0.632,1.557,2.700,1.338,2.230,0.959
PATT24,2014,680,,,18,I23,Basalto,1,,Pulidor,Para analisis geoquimico,4,Pulidor,PATT24,Patt24,620.63,31300.35,49.23,19.72,8.49,26.85,856.32,15.90,135.63,6.71,,2.793,4.496,1.692,1.295,0.929,1.429,2.933,1.201,2.132,0.826
PATT25,2014,461,,,18,J24,Basalto,1,,Fragmento en forma de bloque,Para analisis geoquimico,3,Fragmento de metate de superficie plana,PATT25,Patt25,494.87,27735.70,69.58,20.26,7.84,28.00,848.04,17.79,145.36,5.80,,2.694,4.443,1.842,1.307,0.894,1.447,2.928,1.250,2.162,0.764
PATT26,2014,420,,,18,J21/El.22,Basalto,1,,Metate-fragmento de metate,Para analisis geoquimico,3,metate-fragmento de metate,PATT26,Patt26,432.57,23309.20,43.26,17.71,5.52,23.41,819.70,17.25,132.99,6.47,,2.636,4.368,1.636,1.248,0.742,1.369,2.914,1.237,2.124,0.811
PATT27,2014,420,,,18,J21/El.22,Basalto,1,,Fragmento de mano,Para analisis geoquimico,3,Posible fragmento de mano de metate,PATT27,Patt27,872.94,51296.17,66.68,16.95,3.15,20.51,378.44,24.54,184.72,10.46,,2.941,4.710,1.824,1.229,0.498,1.312,2.578,1.390,2.267,1.019
PATT28,2014,473,,,18,N25,Andesita,1,,Raspador/azada,Para analisis geoquimico,3,Raspador/azada de tamaño mediano,PATT28,Patt28,788.60,41770.73,70.97,22.52,6.47,48.43,318.26,17.72,248.44,10.06,,2.897,4.621,1.851,1.352,0.811,1.685,2.503,1.248,2.395,1.003
PATT29,2014,581,,,18,I21,Basalto,1,,Pulidor,Para analisis geoquimico,3,Pulidor o percutor con restos de pintura roja,PATT29,Patt29,783.13,43250.02,75.19,19.69,2.79,34.31,376.60,42.68,202.41,13.95,,2.894,4.636,1.876,1.294,0.446,1.535,2.576,1.630,2.306,1.145
PATT30,2014,452,,,18,L25,Basalto,1,,Laja,Para analisis geoquimico,3,Laja fragmentada con recubrimiento de pintura roja,PATT30,Patt30,559.82,31521.64,50.69,16.37,6.60,50.07,350.14,23.61,188.30,8.64,,2.748,4.499,1.705,1.214,0.820,1.700,2.544,1.373,2.275,0.937
PATT31,2014,543,,,18,L25,Basalto,1,,Mano de metate,Para analisis geoquimico,3,Mano de metate,PATT31,Patt31,682.98,30682.94,60.02,22.52,8.30,76.68,276.92,17.23,117.85,7.54,,2.834,4.487,1.778,1.353,0.919,1.885,2.442,1.236,2.071,0.877
PATT32,2014,413,,,18,M23/El.21,Basalto Vesicular/Tezontle,1,,Pulidor,Para analisis geoquimico,3,Pulidor de tezontle sin agarradera,PATT32,Patt32,954.71,46736.72,65.77,16.56,2.01,19.50,368.07,24.74,168.14,9.25,,2.980,4.670,1.818,1.219,0.303,1.290,2.566,1.393,2.226,0.966
PATT33,2014,413,,,18,M23/El.21,Basalto Vesicular,1,,Metate-fragmento de metate,Para analisis geoquimico,3,metate-fragmento de metate,PATT33,Patt33,797.36,33308.42,58.67,14.52,5.60,34.91,367.61,18.42,135.44,12.33,,2.902,4.523,1.768,1.162,0.748,1.543,2.565,1.265,2.132,1.091
PATT34,2014,368,,,18,K21/EL.17,Basalto,2,,Metate completo,Para analisis geoquimico,2,Metate completo con tres soportes,PATT34 Y PATT35,Patt34,627.50,42601.75,88.11,21.52,9.23,33.88,1522.72,17.33,189.88,11.37,,2.798,4.629,1.945,1.333,0.965,1.530,3.183,1.239,2.278,1.056
PATT35,2014,368,,,18,K21/EL.17,Basalto,2,,Metate completo,Para analisis geoquimico,2,Metate completo con tres soportes,PATT34 Y PATT35,Patt35,2828.60,39811.64,91.04,21.52,12.59,28.32,1439.50,19.15,182.75,13.33,,3.452,4.600,1.959,1.333,1.100,1.452,3.158,1.282,2.262,1.125
PATT36-POSIBLE BASALTO,2014,352,,,18,K23,Basalto,1,,Borde,Para analisis geoquimico,2,Posible borde de algun contenedor de basalto/cerámica,PATT36-POSIBLE BASALTO,Patt36,795.45,30003.94,55.24,17.68,6.90,74.92,302.88,14.52,140.61,6.10,,2.901,4.477,1.742,1.247,0.839,1.875,2.481,1.162,2.148,0.786
PATT37,2013,57,,,17,J22,Basalto,1,,Esquina,Para analisis geoquimico,1,Fragmento en forma de esquina,PATT37,Patt37,624.02,30855.32,60.94,18.17,6.69,28.82,814.90,24.03,147.21,7.48,,2.795,4.489,1.785,1.259,0.826,1.460,2.911,1.381,2.168,0.874
PATT38,2013,63,,,17,J16,Basalto Vesicular/Tezontle,1,,Fragmento grande con pintura,Para analisis geoquimico,1,Posible material constructivo con restos de pintura roja ,PATT38,Patt38,890.60,48204.07,97.73,20.99,6.43,20.40,413.61,20.13,135.18,6.58,,2.950,4.683,1.990,1.322,0.808,1.310,2.617,1.304,2.131,0.819
PATT39,2013,66,,,17,H9,Basalto,1,,Mano de metate con extremo colgante,Para analisis geoquimico,1,Fragmento de mano de metate con extremo colgante,PATT39,Patt39,723.01,44115.91,82.56,20.41,5.18,17.78,647.82,21.66,130.02,2.57,,2.859,4.645,1.917,1.310,0.714,1.250,2.811,1.336,2.114,0.410
PATT40,2013,9,,,17,K21,Basalto,1,,Fragmento de angulos rectos,Para analisis geoquimico,1,Fragmento de grano fino con angulos rectos,PATT40,Patt40,301.01,25925.44,69.69,21.59,5.34,78.59,311.00,24.55,152.77,7.31,,2.479,4.414,1.843,1.334,0.727,1.895,2.493,1.390,2.184,0.864
PATT41,2013,147,,,17,J19S,Basalto,1,,Metate-fragmento de metate,Para analisis geoquimico,2,Fragmento grande de metate,PATT41,Patt41,831.22,46790.99,78.76,17.93,5.53,18.71,419.29,21.08,123.16,5.74,,2.920,4.670,1.896,1.254,0.743,1.272,2.623,1.324,2.090,0.759
PATT42,2013,48,,,17,I22,Basalto,1,,Metate-fragmento de metate,Para analisis geoquimico,1,Fragmento de metate de superficie plana,PATT42,Patt42,386.37,29073.84,78.00,14.17,4.24,58.09,348.59,23.36,251.52,11.20,,2.587,4.464,1.892,1.151,0.627,1.764,2.542,1.369,2.401,1.049
PATT43,2013,156,,,17,I21,Basalto,1,,Mano de metate/mortero,Para analisis geoquimico,2,"Fragmento de mano de metate, o mano de mortero más completo",PATT43,Patt43,800.72,41633.47,61.63,21.75,2.44,24.66,430.34,22.04,125.47,7.00,,2.903,4.619,1.790,1.337,0.388,1.392,2.634,1.343,2.099,0.845
PATT44,2013,130,,,17,J21,Basalto,1,,Percutor?,Para analisis geoquimico,2,"Posible percutor de basalto de grano muy fino, y alisado. Muestra retirada de su bolsa",PATT44,Patt44,774.97,67438.55,118.49,17.83,2.12,20.92,299.35,21.56,185.13,12.98,,2.889,4.829,2.074,1.251,0.326,1.321,2.476,1.334,2.267,1.113
PATT45,2013,55,,,17,K8,Basalto Vesicular,1,,Esfera,Para analisis geoquimico,1,Esfera completa,PATT45,Patt45,836.80,44567.86,60.48,20.42,7.47,44.04,354.37,23.39,141.55,8.37,,2.923,4.649,1.782,1.310,0.873,1.644,2.549,1.369,2.151,0.923
PATT46,2013,55,,,17,K8,Basalto Vesicular,1,,Metate-fragmento de metate,Para analisis geoquimico,1,Esquina de metate fragmento,PATT46,Patt46,690.22,38971.63,79.02,17.24,6.28,37.64,786.83,20.07,135.50,6.10,,2.839,4.591,1.898,1.236,0.798,1.576,2.896,1.302,2.132,0.785
PATT47,2013,6,,,17,J21,Basalto,1,,Laja,Para analisis geoquimico,1,Fragmento de laja con pintura roja ,PATT47,Patt47,1273.97,26801.19,62.85,16.68,8.16,69.50,312.25,30.37,151.01,9.78,,3.105,4.428,1.798,1.222,0.912,1.842,2.495,1.482,2.179,0.990
PATT48,2013,6,,,17,J21,Basalto,1,,Mano de metate,Para analisis geoquimico,1,Fragmento de mano de metate,PATT48,Patt48,873.81,43642.82,77.68,20.19,10.64,35.84,777.44,22.27,153.79,3.79,,2.941,4.640,1.890,1.305,1.027,1.554,2.891,1.348,2.187,0.579
PATT49,2013,18,,,17,K20,Basalto,1,,Fragmento de basalto posible metate,Para analisis geoquimico,1,"Bloque de basalto de posible parte central de metate, grano muy fino",PATT49,Patt49,696.56,33288.50,57.80,17.44,4.35,22.68,897.02,20.01,136.55,5.44,,2.843,4.522,1.762,1.242,0.639,1.356,2.953,1.301,2.135,0.735
PATT50,2013,45,,,17,J8,Basalto Vesicular/Tezontle,1,,Fragmetno no definido,Para analisis geoquimico,1,Fragmento no identificado de pieza de basalto de forma curveada,PATT50,Patt50,748.40,42361.34,62.78,15.10,4.48,34.53,330.35,19.79,123.62,8.85,,2.874,4.627,1.798,1.179,0.651,1.538,2.519,1.296,2.092,0.947
PATT51,2013,41,,,17,I21,Basalto,1,,canto de basalto muy fino parecido a Alisador de canto de río,Para analisis geoquimico,1,Basalto de grano muy fino parecido a un canto grande,PATT51,Patt51,597.94,37526.24,76.67,18.45,2.25,48.27,347.06,22.87,148.97,8.75,,2.777,4.574,1.885,1.266,0.353,1.684,2.540,1.359,2.173,0.942
PATT52,2013,7,,,17,K20,Basalto,1,,Fragmento simi-circular,Para analisis geoquimico,1,Fragmento semi circular hecho de basalto,PATT52,Patt52,973.36,45005.65,99.01,15.02,1.18,22.13,392.29,19.01,131.32,4.43,,2.988,4.653,1.996,1.177,0.070,1.345,2.594,1.279,2.118,0.647
PATT53,2013,89,,,17,H21,Basalto,1,,Percutor/esfera,Para analisis geoquimico,1,Esfera posible percutor grande,PATT53,Patt53,491.04,25208.52,39.14,13.89,5.02,84.44,258.90,24.75,117.33,8.02,,2.691,4.402,1.593,1.143,0.701,1.927,2.413,1.393,2.069,0.904
PATT54,2013,89,,,17,H21,Basalto,1,,Esfera,Para analisis geoquimico,1,Fragmento de esfera pequeña,PATT54,Patt54,2439.07,47159.05,95.10,22.13,4.59,28.21,459.44,27.72,204.91,9.40,,3.387,4.674,1.978,1.345,0.662,1.450,2.662,1.443,2.312,0.973
PATT55,2013,3,,,17,J8,Basalto,1,,Laja,Para analisis geoquimico,1,Fragmento de laja con pintura roja ,PATT55,Patt55,194.07,27377.48,62.48,19.85,10.09,74.43,321.33,23.72,149.30,8.03,,2.288,4.437,1.796,1.298,1.004,1.872,2.507,1.375,2.174,0.905
PATT56,2013,160,,,17,J21,Basalto,1,,Metate-fragmento de metate,Para analisis geoquimico,2,Laja,PATT56,Patt56,240.85,21636.39,60.61,17.44,11.14,69.29,688.03,30.36,169.78,6.79,,2.382,4.335,1.783,1.242,1.047,1.841,2.838,1.482,2.230,0.832
PATT57,2013,160,,,17,J21,Basalto,1,,Alisador esférico,Para analisis geoquimico,2,Pulidor,PATT57,Patt57,972.93,52378.01,71.83,19.54,5.02,18.42,343.84,20.61,125.28,4.56,,2.988,4.719,1.856,1.291,0.701,1.265,2.536,1.314,2.098,0.659
PATT58,2013,189,,,17,I22,Basalto Vesicular/Tezontle,1,,Material Constructivo,Para analisis geoquimico,2,material constructivo con revestimiento de cal,PATT58,Patt58,698.54,40126.37,73.94,12.56,4.15,31.70,345.84,16.54,130.49,6.98,,2.844,4.603,1.869,1.099,0.618,1.501,2.539,1.218,2.116,0.844
PATT59,2013,8,,,17,J20,Basalto,1,,Mano de metate,Para analisis geoquimico,1,Fragmento de mano de metate,PATT59,Patt59,706.45,37291.20,78.99,15.09,2.36,12.87,429.65,18.11,147.19,5.41,,2.849,4.572,1.898,1.179,0.373,1.109,2.633,1.258,2.168,0.733
PATT60,2013,8,,,17,J20,Basalto,1,,Metate-fragmento de metate,Para analisis geoquimico,1,Fragmento de metate de superficie plana,PATT60,Patt60,858.00,69209.33,77.80,18.30,2.31,16.46,318.46,17.69,115.83,7.55,,2.933,4.840,1.891,1.262,0.364,1.216,2.503,1.248,2.064,0.878
PATT61,2013,8,,,17,J20,Basalto,1,,Metate-fragmento de metate,Para analisis geoquimico,1,Fragmento de metate de superficie plana,PATT61,Patt61,632.28,31234.30,72.77,14.62,4.59,26.04,778.14,17.33,170.15,8.48,,2.801,4.495,1.862,1.165,0.662,1.416,2.891,1.239,2.231,0.928
PATT62,2013,8,,,17,J20,Basalto,1,,Lasca,Para analisis geoquimico,1,Lasca con forma circular,PATT62,Patt62,446.49,26433.99,46.55,15.14,8.99,70.71,274.59,22.49,126.43,7.45,,2.650,4.422,1.668,1.180,0.954,1.850,2.439,1.352,2.102,0.872
PATT63,2013,142,,,17,G22,Basalto,1,,Lasca,Para analisis geoquimico,2,Fragmento no identificado de pieza de basalto,PATT63,Patt63,366.99,25277.69,47.15,15.34,7.36,77.02,248.97,20.27,122.72,6.66,,2.565,4.403,1.673,1.186,0.867,1.887,2.396,1.307,2.089,0.823
PATT64,2013,1,,,17,K8,Basalto,1,,Lasca grande,Para analisis geoquimico,1,Fragmento de lasca/navaja,PATT64,Patt64,691.30,35042.55,67.09,20.60,6.01,60.48,301.05,21.62,136.58,6.83,,2.840,4.545,1.827,1.314,0.779,1.782,2.479,1.335,2.135,0.835
PATT65,2013,1,,,17,K8,Basalto,1,,Lasca grande,Para analisis geoquimico,1,Fragmento de lasca triangular de un basalto de color más claro,PATT65,Patt65,540.02,30298.29,45.70,17.22,8.72,73.93,258.72,22.18,126.22,7.72,,2.732,4.481,1.660,1.236,0.941,1.869,2.413,1.346,2.101,0.887
PATT66,2013,149,,,17,G22,Basalto,1,,Mortero-fragmento,Para analisis geoquimico,2,Fragmento de morterosin evidencia de soporte,PATT66,Patt66,915.92,44571.45,60.49,23.08,8.05,28.81,997.95,22.33,179.16,7.40,,2.962,4.649,1.782,1.363,0.906,1.460,2.999,1.349,2.253,0.869
PATT67,2013,79,,,17,H20,Basalto/riolita,1,,Mano de metate,Para analisis geoquimico,1,Mano de metate,PATT67,Patt67,252.41,37073.48,49.87,17.54,5.89,88.62,270.19,20.97,130.90,8.49,,2.402,4.569,1.698,1.244,0.770,1.948,2.432,1.322,2.117,0.929
PATT68,2013,47,,,17,J22,Basalto/riolita,1,,Fragmento de mano,Para analisis geoquimico,1,Fragmento de posible mano de mortero o metate,PATT68,Patt68,709.19,31223.37,85.56,16.30,10.78,51.57,515.82,24.16,166.11,11.79,,2.851,4.494,1.932,1.212,1.033,1.712,2.712,1.383,2.220,1.071
PATT69,2013,47,,,17,J22,Basalto,1,,Laja,Para analisis geoquimico,1,Fragmento de laja,PATT69,Patt69,994.61,50848.06,154.57,20.77,10.35,62.29,353.08,81.01,762.26,38.61,,2.998,4.706,2.189,1.317,1.015,1.794,2.548,1.909,2.882,1.587
PATT70,2013,47,,,17,J22,Basalto Vesicular,1,,Fragmento simi-circular,Para analisis geoquimico,1,Fragmento pequeño con forma circular,PATT70,Patt70,868.76,46529.60,87.17,17.50,6.49,40.68,350.44,24.56,156.49,8.36,,2.939,4.668,1.940,1.243,0.813,1.609,2.545,1.390,2.194,0.922
PATT71,2013,127,,,17,K22,Basalto Vesicular/Tezontle,1,,Cuenta,Para analisis geoquimico,2,fragmento de cuenta de basalto vesicular,PATT71,Patt71,1252.20,48863.49,69.95,18.96,2.90,27.08,416.98,21.22,137.91,7.60,,3.098,4.689,1.845,1.278,0.463,1.433,2.620,1.327,2.140,0.881
PATT72,2103,131,,,17,J21,Basalto,1,,Fragmento de basalto muy fino parecido a Alisador de canto de río,Para analisis geoquimico,2,Fragmento de basalto muy fino parecido a Alisador de canto de río,PATT72,Patt72,879.81,61163.38,82.18,18.71,4.33,18.82,391.42,18.89,128.38,5.30,,2.944,4.786,1.915,1.272,0.637,1.275,2.593,1.276,2.108,0.724
PATT73,2013,51,,,17,J16,Basalto,1,,Mortero-fragmento,Para analisis geoquimico,1,Fragmento de mortero con soporte,PATT73,Patt73,886.39,42597.74,69.99,20.89,7.10,33.07,316.49,21.72,167.96,7.37,,2.948,4.629,1.845,1.320,0.851,1.519,2.500,1.337,2.225,0.868
PATT74,2019,861,,,2,M11,Basalto Vesicular,1,,Alisador,Para analisis geoquimico,2,Alisador casi completo con agarradera,PATT74,Patt74,815.72,38392.35,78.07,15.62,4.28,34.07,487.66,17.66,120.29,3.38,,2.912,4.584,1.892,1.194,0.631,1.532,2.688,1.247,2.080,0.529
PATT75,2019,851,,,2,N11,Basalto,1,,Metate-fragmento de metate,Para analisis geoquimico,1,Fragmento de metate de superficie plana,PATT75,Patt75,794.11,48069.89,89.47,17.99,3.10,25.09,452.50,22.44,163.42,9.60,,2.900,4.682,1.952,1.255,0.492,1.399,2.656,1.351,2.213,0.982
PATT76,2019,838,,,2,N11,Basalto,1,,Mano de metate,Para analisis geoquimico,1,Mano de metate,PATT76,Patt76,743.21,39758.63,85.85,20.85,6.93,31.60,604.23,17.57,165.63,6.68,,2.871,4.599,1.934,1.319,0.841,1.500,2.781,1.245,2.219,0.825
PATT77,2019,912,,,2,P14,Basalto,1,,Alisador,Para analisis geoquimico,2,Alisador o fragmento de mano de metate,PATT77,Patt77,866.86,46731.58,75.94,15.55,2.44,32.86,365.23,31.00,170.94,4.98,,2.938,4.670,1.880,1.192,0.387,1.517,2.563,1.491,2.233,0.698
PATT78,2019,882,,,2,N12,Basalto,1,,Metate-fragmento de metate,Para analisis geoquimico,2,metate-fragmento de metate sin soportes,PATT78,Patt78,882.33,52991.05,91.22,18.43,0.03,29.91,470.02,25.72,207.29,12.00,,2.946,4.724,1.960,1.266,-1.456,1.476,2.672,1.410,2.317,1.079
PATT79,2019,713,,,4,Q20,Basalto,1,,Esfera,Para analisis geoquimico,1,Esfera completa,PATT79,Patt79,2507.93,59218.40,80.84,23.39,4.54,11.39,499.28,20.69,215.64,12.95,,3.399,4.772,1.908,1.369,0.657,1.057,2.698,1.316,2.334,1.112
PATT80,2019,820,,,4,"S21, S22",Basalto,1,,Mano de metate con extremo colgante,Para analisis geoquimico,1,Mano de metate con extremo colgante,PATT80,Patt80,909.57,49187.01,98.69,21.12,5.31,15.90,457.64,28.48,158.43,9.41,,2.959,4.692,1.994,1.325,0.725,1.202,2.661,1.455,2.200,0.974
PATT81,2019,700,,,4,T20,Basalto,1,,Mano de mortero,Para analisis geoquimico,1,Mano de mortero completo,PATT81,Patt81,749.08,43793.12,81.18,19.66,4.47,16.06,521.59,24.70,154.64,6.28,,2.875,4.641,1.909,1.293,0.650,1.206,2.717,1.393,2.189,0.798
PATT82,2019,792,,,4,Q23,Basalto,1,,Laja,Para analisis geoquimico,1,Laja con revestimiento de cal,PATT82,Patt82,530.33,26142.33,63.49,18.13,5.43,75.73,314.33,19.28,157.62,10.38,,2.725,4.417,1.803,1.258,0.735,1.879,2.497,1.285,2.198,1.016
PATT83,2019,713,,,4,Q20,Basalto,1,,Pulidor,Para analisis geoquimico,1,Pulidor,PATT83,Patt83,879.87,46913.80,102.22,22.95,8.35,28.11,827.26,21.00,125.84,6.61,,2.944,4.671,2.010,1.361,0.922,1.449,2.918,1.322,2.100,0.820
PATT84,2019,860,,,4,S23,Basalto,1,,Mano de metate,Para analisis geoquimico,2,Fragmento de mano de metate-Circular,PATT84,Patt84,1350.36,62276.30,79.72,21.56,3.20,16.96,401.01,32.85,209.32,13.51,,3.130,4.794,1.902,1.334,0.505,1.229,2.603,1.517,2.321,1.131
PATT85,2019,860,,,4,S23,Basalto,1,,Mano de metate,Para analisis geoquimico,Fragmento de mano de metate,Fragmento de mano de metate-ovalado,PATT85,Patt85,1166.41,66186.86,89.94,19.77,5.79,25.06,418.70,28.30,189.12,17.83,,3.067,4.821,1.954,1.296,0.763,1.399,2.622,1.452,2.277,1.251
PATT86,2019,874,,,4,"Q21, 22",Basalto,1,,Percutor/pulidor,Para analisis geoquimico,2,Percutor/pulidor,PATT86,Patt86,629.39,34381.65,54.27,12.07,7.07,93.34,254.72,83.44,123.14,9.73,,2.799,4.536,1.735,1.082,0.849,1.970,2.406,1.921,2.090,0.988
PATT87,2019,766,,,4,T20,Basalto,1,,Laja,Para analisis geoquimico,1,Laja fragmentada con recubrimiento de pintura roja,PATT87,Patt87,1013.26,29014.43,107.42,17.82,4.86,28.38,943.65,19.94,150.49,4.19,,3.006,4.463,2.031,1.251,0.687,1.453,2.975,1.300,2.177,0.623
PATT88,2019,707,,,4,R21,Basalto Vesicular,1,,Pulidor,Para analisis geoquimico,1,Pulidor,PATT88,Patt88,1069.52,58755.77,75.70,16.99,5.71,21.42,415.74,21.38,112.82,6.09,,3.029,4.769,1.879,1.230,0.756,1.331,2.619,1.330,2.052,0.784
PATT89,2019,808,,,4,O20,Basalto/Andesita,1,,Raspador/azada,Para analisis geoquimico,1,Raspador/azada de tamaño mediano,PATT89,Patt89,2843.10,47158.16,161.44,18.11,8.00,63.67,323.67,86.27,876.60,35.12,,3.454,4.674,2.208,1.258,0.903,1.804,2.510,1.936,2.943,1.546
PATT90,2019,723,,,4,S23,Basalto,1,,Metate-fragmento de metate,Para analisis geoquimico,1,Fragmento de metate de superficie plana,PATT90,Patt90,1831.43,25637.68,46.85,14.71,5.02,28.17,902.12,20.14,143.50,7.51,,3.263,4.409,1.671,1.168,0.701,1.450,2.955,1.304,2.157,0.876
PPC01,2016,E16-0181,,,PPC-E,2c,Basalto,1,,Frag. Metate,Para analisis geoquimico,Lítica,Fragmento de metate con soporte,PPC01,PPC01,836.27,42541.08,86.27,19.12,4.51,31.27,489.46,23.81,178.27,9.01,,2.922,4.629,1.936,1.281,0.654,1.495,2.690,1.377,2.251,0.955
PPC02,2016,E16-0808,,,PPC-E,2b,Basalto,1,,"Basalto, Frag. Mano de Metate",Para analisis geoquimico,Lítica,Fragmento de mano de metate cuadrado,PPC02,PPC02,1126.65,54496.82,72.18,21.69,1.83,18.57,365.01,24.06,146.65,9.70,,3.052,4.736,1.858,1.336,0.264,1.269,2.562,1.381,2.166,0.987
PPC03,2016,E16-1688,,,PPC-E,5a,Basalto,1,,Piedra trabajada ,Para analisis geoquimico,Lítica,Alisador,PPC03,PPC03,857.51,40152.53,52.26,20.18,2.05,30.14,401.47,27.23,150.25,7.95,,2.933,4.604,1.718,1.305,0.313,1.479,2.604,1.435,2.177,0.900
PPC04,2016,E16-1712,,,PPC-E,6a,Basalto,1,,Piedra tallada,Para analisis geoquimico,Lítica,Fragmento de metate de superficie plana,PPC04,PPC04,380.31,23683.43,67.21,19.17,7.94,79.45,413.53,22.65,146.50,8.67,,2.580,4.374,1.827,1.283,0.900,1.900,2.617,1.355,2.166,0.938
PPC05,2017,E17-0152,,,PPC-E,2a,Basalto,1,,Piedra tallada ,Para analisis geoquimico,Litica ,Esfera completa,PPC05,PPC05,1048.33,46096.66,64.97,17.93,4.62,21.22,428.42,24.38,127.88,4.51,,3.020,4.664,1.813,1.254,0.664,1.327,2.632,1.387,2.107,0.654
PPC06,2017,E17-0376,,,PPC-E,6a,Basalto,1,,Piedra tallada ,Para analisis geoquimico,Litica ,Fragmento de mano de metate,PPC06,PPC06,668.31,35314.42,91.78,19.28,6.55,18.36,468.78,19.12,172.09,6.80,,2.825,4.548,1.963,1.285,0.817,1.264,2.671,1.282,2.236,0.833
PPC07,2017,E17-0376,,,PPC-E,6a,Basalto,1,,Piedra tallada ,Para analisis geoquimico,Litica ,Pulidor,PPC07,PPC07,624.60,17654.45,40.98,13.61,13.71,95.13,146.27,18.20,133.50,7.55,,2.796,4.247,1.613,1.134,1.137,1.978,2.165,1.260,2.125,0.878
PPC08,2017,E17-0817,,,PPC-E,I' - J',Basalto,1,,Piedra tallada,Para analisis geoquimico,Litica,Fragmento de metate con soporte,PPC08,PPC08,856.67,40837.74,80.44,19.66,4.25,24.38,398.13,19.14,142.26,5.95,,2.933,4.611,1.905,1.293,0.628,1.387,2.600,1.282,2.153,0.774
PPC09,2017,E17-0649,,,PPC-E,2b,Basalto,1,,Piedra tallada,Para analisis geoquimico,Litica,Piedra de Canto,PPC09,PPC09,727.48,33608.07,61.02,16.93,8.39,44.05,1036.92,20.59,155.02,7.38,,2.862,4.526,1.785,1.229,0.924,1.644,3.016,1.314,2.190,0.868